{
  "project_info": {
    "project_number": "660753640587",
    "firebase_url": "https://obada-e4873.firebaseio.com",
    "project_id": "obada-e4873",
    "storage_bucket": "obada-e4873.appspot.com"
  },
  "client": [
    {
      "client_info": {
        "mobilesdk_app_id": "1:660753640587:android:3eeb77603765676585788e",
        "android_client_info": {
          "package_name": "com.obada.application.textrecognation"
        }
      },
      "oauth_client": [
        {
          "client_id": "660753640587-5kt8lha2feja01kql521mbu4cmuvasl0.apps.googleusercontent.com",
          "client_type": 3
        }
      ],
      "api_key": [
        {
          "current_key": "AIzaSyBWLKjuq7WluMEb7vWLm5rg9a-iD1aVXAc"
        }
      ],
      "services": {
        "appinvite_service": {
          "other_platform_oauth_client": [
            {
              "client_id": "660753640587-5kt8lha2feja01kql521mbu4cmuvasl0.apps.googleusercontent.com",
              "client_type": 3
            }
          ]
        }
      }
    }
  ],
  "configuration_version": "1"
}